{
	"partitions" : [
		{
			"name" : "Top",
			"pins" : [
				{
					"name" : "O[0]",
					"strict" : false
				},
				{
					"name" : "O[1]",
					"strict" : false
				},
				{
					"name" : "validOut",
					"strict" : false
				},
				{
					"name" : "I[3]",
					"strict" : false
				},
				{
					"name" : "I[1]",
					"strict" : false
				},
				{
					"name" : "I[2]",
					"strict" : false
				},
				{
					"name" : "I[0]",
					"strict" : false
				}
			]
		}
	]
}