{
	"partitions" : [
		{
			"name" : "Top",
			"pins" : [
				{
					"name" : "LEDR[7]",
					"strict" : false
				},
				{
					"name" : "LEDR[6]",
					"strict" : false
				},
				{
					"name" : "LEDR[5]",
					"strict" : false
				},
				{
					"name" : "LEDR[4]",
					"strict" : false
				},
				{
					"name" : "LEDR[3]",
					"strict" : false
				},
				{
					"name" : "LEDR[2]",
					"strict" : false
				},
				{
					"name" : "LEDR[1]",
					"strict" : false
				},
				{
					"name" : "LEDR[0]",
					"strict" : false
				},
				{
					"name" : "SW12",
					"strict" : false
				},
				{
					"name" : "SW13",
					"strict" : false
				},
				{
					"name" : "SW15",
					"strict" : false
				},
				{
					"name" : "SW11",
					"strict" : false
				},
				{
					"name" : "SW7",
					"strict" : false
				},
				{
					"name" : "SW14",
					"strict" : false
				},
				{
					"name" : "SW6",
					"strict" : false
				},
				{
					"name" : "SW5",
					"strict" : false
				},
				{
					"name" : "SW4",
					"strict" : false
				},
				{
					"name" : "SW3",
					"strict" : false
				},
				{
					"name" : "SW2",
					"strict" : false
				},
				{
					"name" : "SW1",
					"strict" : false
				},
				{
					"name" : "SW16",
					"strict" : false
				},
				{
					"name" : "SW0",
					"strict" : false
				},
				{
					"name" : "CLOCK_50",
					"strict" : false
				}
			]
		}
	]
}