{
	"partitions" : [
		{
			"name" : "Top",
			"pins" : [
				{
					"name" : "r[0]",
					"strict" : false
				},
				{
					"name" : "r[1]",
					"strict" : false
				},
				{
					"name" : "r[2]",
					"strict" : false
				},
				{
					"name" : "r[3]",
					"strict" : false
				},
				{
					"name" : "r[4]",
					"strict" : false
				},
				{
					"name" : "r[5]",
					"strict" : false
				},
				{
					"name" : "r[6]",
					"strict" : false
				},
				{
					"name" : "r[7]",
					"strict" : false
				},
				{
					"name" : "m[0]",
					"strict" : false
				},
				{
					"name" : "m[1]",
					"strict" : false
				},
				{
					"name" : "m[2]",
					"strict" : false
				},
				{
					"name" : "m[3]",
					"strict" : false
				},
				{
					"name" : "m[4]",
					"strict" : false
				},
				{
					"name" : "m[5]",
					"strict" : false
				},
				{
					"name" : "m[6]",
					"strict" : false
				},
				{
					"name" : "m[7]",
					"strict" : false
				},
				{
					"name" : "b[0]",
					"strict" : false
				},
				{
					"name" : "a[0]",
					"strict" : false
				},
				{
					"name" : "op[1]",
					"strict" : false
				},
				{
					"name" : "op[0]",
					"strict" : false
				},
				{
					"name" : "a[7]",
					"strict" : false
				},
				{
					"name" : "b[1]",
					"strict" : false
				},
				{
					"name" : "b[7]",
					"strict" : false
				},
				{
					"name" : "b[4]",
					"strict" : false
				},
				{
					"name" : "b[5]",
					"strict" : false
				},
				{
					"name" : "b[6]",
					"strict" : false
				},
				{
					"name" : "b[3]",
					"strict" : false
				},
				{
					"name" : "b[2]",
					"strict" : false
				},
				{
					"name" : "a[6]",
					"strict" : false
				},
				{
					"name" : "a[5]",
					"strict" : false
				},
				{
					"name" : "a[4]",
					"strict" : false
				},
				{
					"name" : "a[3]",
					"strict" : false
				},
				{
					"name" : "a[2]",
					"strict" : false
				},
				{
					"name" : "a[1]",
					"strict" : false
				},
				{
					"name" : "op[2]",
					"strict" : false
				}
			]
		}
	]
}