{
	"partitions" : [
		{
			"name" : "Top",
			"pins" : [
				{
					"name" : "r[0]",
					"strict" : false
				},
				{
					"name" : "r[1]",
					"strict" : false
				},
				{
					"name" : "r[2]",
					"strict" : false
				},
				{
					"name" : "r[3]",
					"strict" : false
				},
				{
					"name" : "m[0]",
					"strict" : false
				},
				{
					"name" : "m[1]",
					"strict" : false
				},
				{
					"name" : "m[2]",
					"strict" : false
				},
				{
					"name" : "m[3]",
					"strict" : false
				},
				{
					"name" : "b[0]",
					"strict" : false
				},
				{
					"name" : "a[0]",
					"strict" : false
				},
				{
					"name" : "op[1]",
					"strict" : false
				},
				{
					"name" : "op[0]",
					"strict" : false
				},
				{
					"name" : "a[3]",
					"strict" : false
				},
				{
					"name" : "b[3]",
					"strict" : false
				},
				{
					"name" : "b[2]",
					"strict" : false
				},
				{
					"name" : "b[1]",
					"strict" : false
				},
				{
					"name" : "a[2]",
					"strict" : false
				},
				{
					"name" : "a[1]",
					"strict" : false
				},
				{
					"name" : "op[2]",
					"strict" : false
				}
			]
		}
	]
}